epoch,train_loss,train_mae,val_mae
1,10.118718629481757,10.187384831616901,9.803037879943847
2,6.955184152438926,7.528337925689303,8.065459592183432
3,5.40176678723543,5.878055526623917,4.478860135396322
4,4.040325642168757,4.674299124861005,3.4909057757059734
5,3.531014122047918,3.9519218043390123,3.187951522827148
6,3.1559669543466478,3.492230323035863,2.8897096163431804
7,2.754323532961028,3.1599909621943363,3.1853830903371176
8,2.5588043870453627,2.791869826174614,2.6968707955678304
9,2.4701308467512932,2.7265829520743416,3.390943094889323
10,2.3749616544570022,2.5068742872022414,2.8563168443044025
11,2.487244699936471,2.6403430761349087,3.8193376127878826
12,2.21703269485684,2.4663170771311695,2.73344522857666
13,2.307953941600673,2.5266478366239995,3.352676398595174
14,2.078317749681403,2.2110100965118837,2.735875123977661
15,2.0319342392511963,2.2418176491876367,2.9107074432373046
16,1.7537885163698428,1.9806576073001996,3.1097652320861817
17,1.744788785563068,1.9929309857314266,2.8702167002360026
18,1.8075601935185404,1.950179442167953,2.7915870806376137
19,1.6843425368887022,1.9121862846475406,2.995657258351644
20,1.653970694233342,1.8405912781137392,2.610349847157796
